ticker,text,label
AOSL,"This is an update of my post from last year. Since my last post, I’ve gotten rid of one company - G7 holdings (Japanese diversified retailer) - and added a number of new companies. The new companies are: Internet Infinity (Japanese eldercare), MTN Group (South African telecom & fintech company operating across Africa & Iran), FIH Group (Falkland Islander Conglomerate), and the Brisbane Broncos (Australian Rugby team). During 2025, my portfolio outperformed VTI (+23.0% vs +17.10%), and continues to do so YTD (+5.0% vs +0.22%). I did underperform VXUS in 2025 (+23.0% vs +32.36%), and am slightly outperforming it YTD (+5.0% vs +3.37%). I still haven’t added any US or tech companies to my portfolio, as I haven’t found any that’ve piqued my interest. I don’t really plan on adding any more companies, unless any of my holdings become significantly overvalued. I may switch from the Swiss ETF to a Canadian one or VXUS. |Stock|Country|Mcap|Industry|Weight|Total Return|CAGR| |:-|:-|:-|:-|:-|:-|:-| |Clínica Baviera|Spain|$917.4M|Eyecare|11.2%|\+101.2%|\+27.04%| |MTN Group|South Africa|$19B|Telecom & Fintech|8.5%|\+45.40%|\+77.62%\*| |cottaLtd|Japan|$37.1M|Confectionary & Beauty Salon Materials|8.4%|\+28.20%|\+8.17%| |Switzerland ETF|Switzerand|na|ETF|7.9%|\+22.10%|\+24.57%\*| |Jerónimo Martins|Portugal|$14.76B|Grocery|7.9%|\+26.13%|\+6.78%| |Eiffage|France|$14.13B|Infrastructure|7.8%|\+60.22%|\+15.48%| |Texaf|The DRC|$155.2M|Real Estate, Mining, Tech|7.4%|\+11.54%|\+8.05%| |GrønlandsBANKEN|Greenland|$272.7M|Bank|6.3%|\+69.85%|\+21.39%| |Internet Infinity|Japan|$25.36M|Eldercare|5.7%|\-4.20%|\-5.58%\*| |Metlen|Greece|$5.39B|Utilities & Metals|5.5%|\+15.54%|\+5.20%| |Van de Velde|Belgium|$464.8M|Lingerie|5.4%|\+7.90%|\+2.45%| |Brisbane Broncos|Australia|$115.8M|Rugby Team|5.0%|\-8.70%|n/a| |FIH Group|Falkland Islands|$40.7M|Conglomerate|4.8%|\+0.1%|n/a| |JP-Holdings|Japan|$398.7M|Childcare|4.2%|\-1.50%|\-1.08%| |MÁDARA|Latvia|$50.16M|Cosmetics|4.0%|\+2.39%|\+1.05%| \*means that I owned the company for more than 6 months, but less than 1 year. n/a CAGR means that I have owned the company for less than 6 months, so a CAGR % is not calculated yet. Geographic breakdown: 49.7% Europe, 23.3% Asia-Pacific, 15.9% Africa, 6.3% North America, 4.8% South America Sector Breakdown: 19.85% Healthcare, 17.84% Industrials, 13.61% Comms Services, 12.96% Cons Staples, 9.04% Materials, 7.83% Financials, 7.51% Real Estate, 5.76% Cons Discretionary, 5.52% Utilities, 0.08% Tech, 0% Energy Cap Breakdown: 31.80% Large Cap, 5.80% Mid Cap, 20.80% Small Cap, 22.70% Micro Cap, 18.90% Nano Cap",neutral
ASPSZ,26 Male: Brokerage: • 41.6% VUG • 18.36% VTI • 3.68% INTU • 36.81% cash Roth IRA: • 37% VUG • 63% VTI 403b: • 100% VIIIX,neutral
AOSL,"I am 25 years old, started investing last year and I could use some advice if I am in the right direction for long-term wealth. I have a Roth composed of FSKAX, FTIHX, and FXNAX (maxing out yearly). And a brokerage account with AMZN (3%), TSLA (5%), JEPI (7%), MGK (16%), OEF (4%), QQQ (26%), VOO (26%), and VTI (10%). I am basically taking a portion of my paycheck and divinding amongst my brokerage positions ranging from $50$-200 each, bi-weekly. Please tell me if I am over-investing in ETFs/Index funds, or if I am being too aggressive, or if I should I should be diversifying into SPY etc, or if I should be investing into more stocks over index/mutual funds. Most of my knowledge comes from online and I would be happy to take any criticism on what I am doing wrong and how I should be investing my money. Any serious suggestions are welcome!",neutral
PBOG,"Honestly been checking my portfolio way more than I should these days with all the geopolitical stuff going on. The swings are wild - one day we're up on peace talks rumors, next day it tanks on something else. I've started just unfollowing the financial news between my quarterly check-ins because obsessing over daily movement was stressing me out way more than it helped. I think what helps is knowing what you actually believe in long term vs what's just noise. When you see people freaking out about tomorrow's headlines, it's easier to just... not? Like yeah some positions get hit but if you're in solid companies with real fundamentals, the chaos kind of becomes an opportunity to add if anything. Also rotating some cash into stable stuff this quarter after running hot the last few. Not scared exactly just being more cautious with how messy things look right now.",neutral
ADAML,"idk man, looking at the current market, seems a bit shaky with that Russia-Iran drone deal heating things up. might wanna think twice about your exposure to sectors that could get hit with geopolitical risks. what are you holding right now? 20.98 for RATE is kinda meh, but if you believe in the long-term story, maybe it’s worth it? just keep an eye on those earnings, yeah?",neutral
BND,"Random internet people, please give me financial advice! 47% VOO 26% VXUS 15% VWO 11% VB 1% BND",neutral
AOSL,"I am assuming there's some overlap here and if there are any ETFs that do overlap please let me know. I have quite a number of ETFs so any overlapping I can sell and buy other ETFs for other sectors. MGK 15%, VIG 13%, VOO 10%, VUG 7%, VOT 7%, VIS 6%, VO 5%, RKLB 5%, VGT 5%, SCHV 3%, VFH 3%, IJR 3%, VYM 3%, SCHD 2%, SCHG 2%, BND 2%, VGK 2%, LUNR 1%, ANGL 1%, DFSV 1%, DFAE 1%, FLY 1%, VWO 1%, DFAS 1%",neutral
AOSL,"what do you think of my portfolio, non US non EU based. 55% SPYL.L 15% EIMI.L 10% IGLN.L 10% [IXUA.DE](http://ixua.de/) 10% USD Cash I ***might*** need to liquidate 30% (so selling that 10% IXUA and maybe 10% from SPYL or some of gold, depends on how things go) of it in 6 weeks then reinvest most of it back after two weeks. but otherwise I'm holding for longer term. [](https://www.reddit.com/submit/?source_id=t3_1rl48e4&composer_entry=crosspost_nudge)",neutral
ASMG,"ASML 26%, SPGI 21%, FICO 20%, GOOGL 18%, MCO 15%",neutral
AOSL,"Plz rate my Irish portfolio. I'm looking to commit big to my first major portfolio. In Ireland, it's higher taxes for ETFs. The Bastards! So I'm going to split all income into 70 percent equity, and 30 percent savings into a higher interest bank. Ill get a few hundred stocks from my own company in 5 years. Which is why I think I can play aggressive with a defense/growth portfolio? **CRWD, DTE, LIN, NFLX, ABBV, ASML, BSX, ENGI, RWE, JNJ, JPM, NVDA, PG, TSM, AMZN, BRK.B, GOOGL, MSFT, V, CRH**",neutral
PBOG,march 2026 portfolio thread already means half the comments are gonna be 40% whatever pumped in february. quarterly rate-my-portfolio posts are basically a sentiment indicator at this point,neutral
AOSL,"Retired no pension, no house, moving to SGOV and cash except for Google and its weekly dividend paying fund GOOW. This proxy war with China that Trump started in first term is the reason we are in Iran who is key to success of China’s Belt and Road project into Africa.",neutral
BEDY,Looking for feedback on my portfolio of mutual funds in my 401k based on 3 factor model |Name (Ticker)|Category|% Invested| |:-|:-|:-| |DFA US Vector Equity I (DFVEX)|Mid-Cap Value USA|30%| |PIMCO StocksPLUS Instl (PSTKX)|Large Blend USA|10%| |DFA Intl Vector Equity I (DFVQX)|Foreign Sm/Mid Value|15%| |Intl Stock Mkt Idx|International Stocks|20%| |DFA Emerging Markets Value I (DFEVX)|Diversified Emerg Mkts|10%| |PIMCO Income Instl (PIMIX)|Multisector Bond|10%|,neutral
PBOG,If somebody could tell me their toughts on my portfolio I would love the feedback! I'm from Europe. Alphabet Inc Class A 8100€ Amazon Inc 187€ Micron TEchnology Inc 5700€ Novo Nordisk 2000€ NVIDIA Corp 4000€ Rio Tinto 2200€ VWCE 1000€,neutral
AOSL,"Here's my rough portfolio right now, though it's definitely a work in progress. I was initially aiming for roughly 50% VOO, 25% VXUS, 10% each AVUV and SPMO, and 5% individual stocks. I'm in my early 30s, willing to take on a bit higher risk for more growth. That said, I'm a bit over-invested in semiconductors, no? Was thinking about divesting the SPMO for more individual stocks in another sector, maybe pharma or green energy. Right now, I'm adding roughly $250/month, and not really increasing my positions on anything but the ETFs. |**VOO**|45%| |:-|:-| |**VXUS**|23%| |**NVDA**|10%| |**AVUV**|9%| |**SPMO**|9%| |**TSM**|4%|",neutral
